real,predicho,wer_individual
how to use this bok in this bok wil show you the power of house plants to transform your life each shiper explores diferent aspects of their,how to use this book in this book will show you the power of house plants to transform your life each shipper explore different aspects of thep,0.25925925925925924
to try the ship is covered plant power for the meaning learn how plants can subtly transform your relationships with yourself bost your mod reduce stres and help you live a hapy life,to try the ship is covered plant power for the meaning learnn how plants can ube tras for your relationships with yourself but your mood teuse stress and help you liree a happy life,0.30303030303030304
power for heal read about home plans you can make your home healthy and in turn make your healthy to kitchen garden anyway plants power for creativity understand how,power for heal read about home plans you can make youhome healthy and in turn make your healthy too itchen garden anyway plants power for creativity understand how,0.13793103448275862
plants can fil up your senses and engage your imaginations plants power for productivity learn why ading a plant to your desk could make you hapier and,plants can fil up your senses and engage your imaginations plants power for productivity leaarn why adidga plant to your desk could make your happier and,0.18518518518518517
more productivity at work plan for you social life and nothing makes our social space more welcoming than plants and wil show you home take and help you make friends to,more prouctivity at work pan for   ou you social life ad nothing makes or social space more ell coming thant plants and will sshow you home take an help you make frieends too,0.41935483870967744
plan power for nourishment grow your home nutrition godies wind having to learn the house and discovery how to be a sustainable plantsparing,plan power for nourishment grow your home nutrition goodies wind having to learn the house and discovery how to be asustainable plant paring,0.17391304347826086
plants power for rest and relax learn about the plants that can help you breathing easier and get a break th slip after that we shapes,plants power for rest and relactiolearn about the plants than can help you rrting e aser an get a brek thin slip after that we shape,0.38461538461538464
tips for keping your house plants hapy and healthy so they can kep or power up your life right ready to fight in love with plants and al they can do for you,tips for keeping your house plants happy and healthy so they can keep or powerup your life right ready to flight in love with plants and al they can do for you,0.18181818181818182
plants power for the meaning plants not only lok fabulous and living up our space but they're also a certain pounds for your meanings a busy lifestyle,plant's power for the meaening plants not only look fabulus and living up our space but tene al so a sartin pounds for your menings a busy lifstiles,0.37037037037037035
can often make you fel disconected from the natural world and that's where plants can step in ariving home to the gren oasis whether it's a living rom jungle or a,can often make yous feldisconnected crom the natural world  and that's where plants can step it a riving home to the greens oasis wether it's a living room junger or a,0.3548387096774194
cumbling pot plants are to brings an instance of calm and tranquility carying for a plant requires a lot of diferent skils beyond a wel a watering can,cumbling pot plantsore too brings an iinstance of calm and tranquility caring for a plant requires a lot differenc skils biyondd  well a watering can,0.35714285714285715
you ned compasion atention and patience to the act of loking after our gren friends can in turn create a shift or relationship with al salvers,yyou need compassions attention and patience too the act of looking after our green friends can in tu geate shift or relationship with all salvers,0.4230769230769231
plants can be with teachers noting use to save a way we can learn how to live in this chapter we lok at why plants have the power to natural or meanings,s can be with eachers an noting use to save away we can learn hopte live in this chapter we look a the whye plants have tho power to natural or meaningss,0.40625
about plants are a stream board to self care self care is more than just a bruise work it's esential to hapy hatred life put simple it's a daily practice of habit,about plants ar a stream board to self care self care is more than just a buseword it's essential to happy hatri life put simple it's a daily practice of habit,0.1875
a ritual stand helps you take god care of yourself physicaly mentaly and spiritualy while it's a simple idea it can be a strugle to make time for selfcare,an ritual stand help you take good care of yourself physical mentally and spiritual while it's a simple idea it can be a strunggle t make time for selfcare,0.27586206896551724
i mean a busy life but ful of competition priorities and responsibilities but if you are after a shorterm selfcare practice plan are your friends hers why,a menin a busy life  full of competition piorities and responsibilities but if you are after a shorto selfshare practice plant ar your friends herts why,0.37037037037037035
it felt god to natural temp bringing a plant into your home meting semed like a smal thing but when you do this you come to become the custodian of a litle gren life where you put care and,t feelt good to natural temp bringing a plant intour your home meeting seeme like a small thing but when you do this you come to become the custadian of a litt tren life where you put care and,0.2564102564102564
time into loking after somethings other than yourself wil licorice get a buz of purpose and blazorice as you se the plants flourish under your atention,time intur looking afther somethings utter thand yourself wil licory ket a bust of por pus an lasuris as your see the plants flourys under you atatio,0.6538461538461539
you wil fel a renamed conection to the natural world to tape remand use that with necesary care to we ned to pay atention to our plants to notice when they are thirsty,your will feel a rename connection to the natural world too takereman use that with necessare car too we need to py attention to our plants to notivs wen they are tisty,0.5151515151515151
or ned a soner location or a god dusting then respond acordingly sining or plants triger can help us stop a train,tor need a soonefication or a good dusting then respond according sinning or plants triger can help us stop a trean,0.36363636363636365
a thing sory can work hapening if i aplied some of this care and atention to myself they teach use that smal actions mater,a thenng sory a can wor hopening if y aplihd som of this care n at tention to mself athe tec uusee that small actions mater,0.625
self care don'ts does have to be a hoax time shock and shines don't ned to be dramatic to make a big diference have you ever noticed a home wilted plant,self care dont dos have to be a hoax time shock annd shines donnt need to be dramatic to make a big difference have you ever notice ahome wilted plant,0.2903225806451613
peaks right up often a kick dream of water or homes simply shifting a plant to a diferent part of the house can give it and ned les of life,es kright up ofen akick dram of water orr homes simple shifting a plant to a different part of the house can give it and need les of life,0.3333333333333333
lidwes when you fel a hover wealth be life a smal act live drinking a col glas of water or steping or for five minutes,lidwees whhen you feel hover wealth blive a small act livedrinking acuol glass of water or steeping or for five minuts,0.56
of son se son se if can realy turn your day around they can be a miror for our life if your favorite plant is your favorite plant loking a litle,of soon seaf soon se if can really trn your day around they can be a mirror for our life if yourr favorite plant is your favorite plant look  ta little,0.3225806451612903
and or droping if you are to bush it to grab the watering can this meaning be an indication that your coal also do win a life nourishing plant,tan ar the r triping if you are to busy to grap the watering can this meening be an indication than your colll also do ween a life n turint,0.4827586206896552
can be a hardening miror to reflect back us what's realy goding sory what's realy going on in our lives uh like,can be a harding mirror to reflect back us what's really goin sorry what's really going on in our lives uh like,0.2727272727272727
to help the plants our men ned regular care and atention to grow to they remain used to comunicate our neds did you know that there are ruber plants,to help the plants our mens neede regular care and attention to grow thoo the remane yuced to communicate our needs did you now a thett ar ruger plants,0.4827586206896552
elasticas wet scorched leaf if it gets to much sun and starts to smel roten if it's over water when a plant is unhapy it's,elasticas we scorched leaf if it gets too much sun and starts to smelll rotten if its over water whet plant is u happy it's,0.36
not afraid to tel you that's something we humans can wear from we often fel presured to put on a hapy face or suck it up but we ned to be,not afraid to tell you  thatss something we humans ca wer from we often feel pressures to put on a happy face or suck it up that we need to be,0.2903225806451613
to be able to comunicate our neds if we want to triger like our beloved plants it's god self care to notice the things that we may ned ahead and to reach out,to be able to comunicatet our needs if we want to trigger like or be lofed plants its good self carre to notice the things that we maneed ahed and to rech out,0.3939393939393939
to a true parcel in our life they remain used that perfection is overated while there are some fusy plants out there most plants can survive a light,to a tru sparcel in our life they remain used that prerfections is overrade while there are some fussy plants oult there most plant can survive a light,0.25
nail it suck as the every four guini spider plants which always bonds but if you mis watering seasons or two you don't have to be a,nail it suck as the every orginnin spider plants which always bonds buck if you miss a watering seasons ar two you don't have to be a,0.2222222222222222
perfect plants parents to be a god one plants can be a god remain then we don't have to be perfect ourselves the important thing is to kep showing showing up sory showing up and doing our,perfect plants parents to be a good on plants can be a good rmain the we donn't have to be perfect ourselves the important thing is to keep sshowing showing up sory showing up and doing or,0.24324324324324326
best at learning from our mistakes ok self care tips for plants when you get down to eat plants and people ned a lot of the same things,best at learning from our mistakes ok self care tips for plants when you get down to eat plants and peoplee need a lot of the same thing,0.10714285714285714
and here are some selfcare tips that we can start from plants stay hydrated drink your water maybe a selfcare glitches but water is a basic ned,and heree are some selfcare tips that we can start from plants sy ydrated dring your water maybe a self care glitches but water is a basic need,0.25925925925925924
for grenery and humans alike your plants can be hungry remember to ned to get that age to al shorter for yourselves every time,for renery and humans alike your plants can be hungdry remember to need to get that age to all shorter for yourselves every time,0.16666666666666666
your water your plants folow up fold it up be geting your own glas of water and it's an easy way to create an hateful habit and is the key of,your water your plants follo up fold it up be geting you o glass of water nd it's an esy wy to create an hatel habit annd i's the ke i of,0.3870967741935484
wining game where every every one winer,winning game where every every one winner,0.2857142857142857
edgar alan poe el corazón delator es cierto siempre he sido nervioso muy nervioso teriblemente nervioso pero por qué afirman ustedes que estoy loco la enfermedad había agudizado mis sentidos en vez de destruirlos o embotarlos y mi oído era el más agudo de todos oía todo lo que puede oírse en la tiera y en el cielo muchas cosas oía en el,edgar alapo el corazón del ator es ere siembre ha sido nervioso muy nervioso terriblemente nervioso pero por qué afirman ustedes que estoy loco la enfermedad había agudizado mis sentidos en vez de destruirlos o embotarlos y mi ido era el más agudo de todos oía todo lo que puede oírse en la tierra y en el cielo muchas cosas oí en el,0.1746031746031746
cómo puedo estar loco entonces escuchen y observen con cuánta cordura con cuánta tranquilidad les cuento mi historia me es imposible decir como aquela idea me entró en la cabeza por primera vez pero una vez concebida me acosó noche y día yo no pude seguir a ningún propósito ni tampoco estaba colérico quería mucho al viejo jamás me había hecho nada malo jamás me insultó,cómo puedo estar loco entonces escuchen y observen con cuánta cordura con cuanta tranquilidad lescuendo mi historiame es imposible decir como aquella idea me entror en la cabeza por primera vez pero una vez concebida me acosó noche y día yo no puede e seguir a ningún propósito nintampo que estaba colérico quería mucho el viejo jamás me he hecho nada men amás me insultó,0.22727272727272727
su dinero no me interesaba me parece que fue su ojo sí eso fue tenía un ojo semejante al de un buitre un ojo celeste y velado por una tela cada vez que lo clavaba en mí se me lava la sangre y así poco a poco muy gradualmente me fui decidiendo a matar al viejo y librarme de aquel ojo para siempre presen atención ahora ustedes me tomaban por loco,su dinero no me interesaba me parece que fue su ojo sí eso fue tenía un ojo lejantel de un buitre un ojo celeste y velado por una tela cada vez que lo clavaba en í se me lava la sangre y así poco a poco muy gradualmente me fui decidiendo a matar al viejo y librarme de aquel ojo para siempre presen atención aora ustede me tomaban por loco,0.07042253521126761
pero los locos no saben nada en cambio si hubieran podido verme si hubieran podido ver con qué habilidad procedí con qué cuidado con qué previsión con qué disimulo me puse a la obra además fui más amable con el viejo que la semana antes de matarlo todas las noches hacia las doce hacía yo girar el picaporte de su puerta y le abría ojo tan suavemente y entonces cuando,pero los locos no saben nada en cambio si hubieran podido verme si hubieran podido ver con qué habilidad procedí con qué cuidado con qué previsión con qué disimulo me puse a la obra además fui más amable con el viejo que la semana antes de matarlo todas las norvías hacia las doce hacía yo girar el picaporte de su puerta y le abría ojo tan suavemente y entonces cuando,0.014285714285714285
la abertura era bastante grande para pasar la cabeza levantaba una linterna sorda cerada completamente cerada de manera que no se viera ninguna luz y tras ela pasaba la cabeza oh ustedes se hubieran reído al ver cuán astutamente pasaba la cabeza la movía lentamente muy muy lentamente a fin de no perturbar el sueño del viejo me levaba una hora entera a introducir con,la abertura era bastante grande para pasar la cabeza levantaba una linterna sorda cerrada completamente cerrada de manera que no se viera ninguna luz y tras ella pasaba la cabeza oh ustedes se hubieran reído al ver cuán astutamente pasaba la cabeza la movía lentamente muy muy lentamente a fin de no peturvar el sueño del viejo me llevaba una hora entera introducir co,0.1076923076923077
completamente la cabeza por la abertura de la puerta hasta haberlo tendido en su cama eh es que un loco hubiera se hubiera sido tan prudente como yo y entonces cuando tenía la cabeza completamente dentro del cuarto abría la linterna cautelosamente o tan cautelosamente sí cautelosamente iba abriendo la linterna pues crujían las bisagras la veía abriendo la iba abriendo,etamente la cabeza por la arerdura de la puerta hasta haberlo tendido en su cama eh es que un loco hubiera se hubiera sido tan prudente como yo y entonces cuando tenía la cabeza completamente dentro del cuarto abría na linterna cautelosamente oh tan cautelosamente sí cautelosamente iba abriendo la linterna pues crujían las bisagras la vía abriendo la iba abriendo,0.08196721311475409
lo suficiente para que un solo rayo de luz cayera sobre el ojo del buitre y esto lo hice durante siete largas noches cada noche a las doce pero siempre encontré el ojo cerado y por eso me era imposible cumplir mi obra porque no era el viejo quien me iritaba sino el mal de ojo y por la mañana apenas iniciaba el día entraba sin miedo en su habitación y le hablaba resueltamente,lo suficiente para que un solo rayo de luz cayera sobre el ojo del wuitre y esto lo hico durante siete largas noches cada noche a las doce pero siempre encontré el ojo cerrado y por eso me era imposible cumplir mi ora porque no era el viejo quie me irritaba sino el mal de ojo y por la mañana apenas iniciaba el día entraba sin miedo de su abitación y le hablaba resuelte,0.12162162162162163
lamándolo por su nombre con voz cordial y preguntándole cómo había pasado la noche ya ven ustedes que tendría que haber sido un viejo muy astuto para sospechar que todas las noches justamente a las iba yo a mirarlo mientras dormía al legar a la octava noche procedí con mayor cautela que de costumbre al abrir la puerta el minutero del reloj se mueve con más rapidez de lo que se movía mi mano jamás,ellamándolo por su nombre con voz cordial y preguntándole cómo había pasado la noche ya venusts que tdría que habrer sido un viejo muy astuto para sospecharqe todas las noches justamente a las dos ylleba yo a mirarlo mientras dormía al liegar a la actaba noche perocedí con mayor cautela que de costumbre a l habir la puerta el minuterio en reloj se mueve con más rapidez de lo que se moví a mi mano jamás,0.25333333333333335
antes de que ayer noche había sentido el alcance de mis facultades de mi sagacidad apenas lograba contener mi impresión de triunfo pensar que estaba ahí abriendo poco a poco a la puerta y que él ni siquiera soñaba con mis secretas intenciones o pensamientos me reí entre dientes ante esta idea y quizás me oyó porque lo sentí moverse repentinamente en su cama como si se sobresopiera,antes de que aya noche había sentido el alcance de mis facultades de mi sagacidad apenas lograba contener mi impresión de triunfo pensar que estaba ahí abriendo poco a poco a la puerta y que él ni siquiera soñaba con mis secretas intenciones o pensamientos me reí entre dientes antes la idea y quizás me oyó porque rosentí moverse repentinamente en su casa como si se es orae,0.11764705882352941
saltara ustedes pensarán que me echése atrás pero no su cuarto estaba tan negro como la pesa ya que el viejo ceraba completamente las presianas por miedo a los ladrones yo sabía que era imposible distinguir la abertura de la puerta y seguir empujando suavemente suavemente había ya pasado de la cabeza y me disponía a abrir la linterna cuando mi pulgar resbaló en el ciere metálico y me atrevió a abrir la linterna,altar ustedes pensaran que mechese atrás peronó su cuarto estaba tan negro como la peza ya que el viejo cerraba completamente las precianas por miedo a los ladrones yo sabía que lera imposible distinguir la abertura de la puerta y seguiem pujando suavemente suavemente había ya pasado de la cabeza y me dispolí a abrir la linterna cuando mi pulgar resbaló en el ciere metállico e,0.28378378378378377
el viejo se enderezó en el lecho gritando quién está ahí permanecí inmóvil sin decir palabra durante una hora entera no moví ni un solo músculo y en todo ese tiempo no vi que volviera a tenderse en la cama sigue sentado escuchando tal como yo lo había hecho noche tras noche mientras escuchaba en la pared de los taladros cuyo sonido denuncia la muerte oiré,el viejo se enderezó en el lecho gritando quién está ahí permanecí inmóvil sin decir palabra durante una hora entera no moví ni un solo músculo y en todo ese tiempo no vi que volviera a tenderse en la cama seguí asentado escuchando tal como yo lo había hecho noche tras noche mientras escuchaba en la pared de los taladros cuyo sonido denuncia la muerte oío,0.045454545454545456
pronto un leve quejido y supe que era el quejido que nace del teror no expresaba dolor o pena oh no era el ahogado sonido que brota del fondo del alma cuando el espanto la sobrecoge bien conocía yo ese sonido muchas noches justamente a las cuando el mundo entero dormía surgió de mi pecho ahondando con su espantoso eco los terores que me enloquecían,pronto un leve quejido y supe que era el quejido que nace del terror no expresaba dolor o pena oh no era el hogado sonido que brota del fondo del alma cuando el espanto la sobrecoge bien conocía yo ese sonido muchas noches justamente a lass cuando el mundo entero dormía surgió de mi pecho ahondando con su espantoso eco los terrores que me enloquecían,0.06153846153846154
repito que lo conocía bien comprendí lo que estaba sintiendo el viejo y le tuve lástima aunque me reía en el fondo de mi corazón comprendí que había estado despierto desde el primer leve ruido cuando se murió en la cama había tratado de decirse que aquel ruido no era nada pero sin conseguirlo pensaba no es más que el viento en la chimenea o un grilo que chirió una sola vez sí había,repito que lo conocía bie encomprendí lo que estaba sintiendo el viejo y le tuve lástima aunque me reía en el fondo de mi corazón comprendí que había estado despiando desde el primer leve ruido cuando se murió en la cama había tratado de decirse que aquel ruido no era nada pero sin conseguirlo  pensaba no es más que el viento en la chimenea o un grillo que chirrió una sola vez sí,0.08108108108108109
trataba de darse ánimo con sus suposiciones pero todo era en vano todo era en vano porque la muerte se había aproximado a él deslizándose furtiva y envolvía a su víctima y la fúnebra influencia de aquela sombra imperceptible era lo que la movía a sentir aunque no podía verla ni oírla a sentir la presencia de mi cabeza dentro de la habitación,trataba de aseánimo con sus uposiciones pero todo era en vano todo era en vano porque la muerte se había aproximado a él deslizándose furtaba y envolvía a su víctima y la fúnebra influencia de aquella sombra imperceptible era lo que la movía a sentir aunque no podía verla ni oírla a sentir la presencia de mi cabeza dentro de la habitación,0.07936507936507936
después de haber esperado un largo tiempo con toda paciencia sin oír que volviera a acostarse resolví abrir una pequeña una pequeñísima ranura en la interna así lo hice no puede imaginarse usted su que cuidado con que inmenso cuidado hasta que un fino rayo de luz semejante al hilo de la araña brotó de la ranura y cayó de leno sobre el ojo del buitre el ojo de buitre,despus de haber esperado en latiempo con toda paciencia sin hoír que volviera acostarse presolvía abrí una pequeña una pequenísima ranura en la interna así lo hice no puede imaginarse usteds un qué cuidado con que mensu cuidado hasta que un fino rayo de luz semejante al hilo de la raña brotó de la ranura y cayó de lleno sobre el ojo del buitre el o de bitre,0.24285714285714285
está abierto abierto en par en par y yo empecé a enfurecerme mientras lo miraba lo vi con toda claridad de un azul apagado y con aquela horible tela que me lava hasta el tuétano pero no puede haber nada de la cara o el cuerpo del viejo pues como movido por un instinto había orientado de las de luz exactamente hacia el punto maldito no les he dicho ya que tomen erada,estaba abierto abierto en par en par y yo empecé a enfurecerme mientras lo miraba lo vi con toda claridad de un azul apagado y con aquella horrible tela que me lava hasta el tuétano pero no puede haber nada de la cara o el cuerpo del viejo pues como morido por un instinto había orientado de las de luz exactamente hacia el punto maldito no les he dicho ya que tomen errado,0.0684931506849315
lo que tomo eradamente por lo curio es sobre la excesiva agudeza de los sentidos en aquel momento legó a mis oídos un resonar apagado y presuroso como el que podría ser de un reloj envuelto en algodón aquel sonido también me era familiar era la tira del corazón del viejo aumentó aún más mi furia tal como el redolar de un tambor estimula el coraje de un soldado pero incluso en todo el mundo,lo que tomó erradamente por lo cures sore la exetiva agudeza de los sentidos en aquel momento llegó a mis oídos un resonar apagado y presuroso como co el que podría ser de un reloj envuelto en algodón aquel sonido también me era familiar era latir edel corazón del viejo amendo aún más mi furia tal como el redolar de un tambor estimule el coraje de un soldado pero inclu sos entonose,0.24
entonces me contuví y seguí calado apenas y respirado sostenía la linterna de modo que no se moviera tratando de mantener con toda firmeza posible el haz de luz sobre el ojo entretanto el infernal latir del corazón iba de momento se hacía cada vez más rápido cada vez más fuerte momento a momento el espanto del viejo tenía que ser terible cada vez más fuerte,ences me contuví y seguí callado apenas y respirado sostendía la linterna de modo que no se moviera tratando de mantener con toda firmeza posible el has de luz sobre el ojo  entretanto el infernal latirde el corael corazón iba de mmento sehacía cada vez más rápido cada vez más fuerte momento momento el espanto del viejo tenía que ser corrible cada vez más fuert,0.19696969696969696
de más fuerte me siguen ustedes con atención les he dicho que soy nervioso sí lo soy y ahora a medianoche en el terible silencio de aquela antigua casa un resonar tan extraño como aquel me lenó de un horor incontrolable sin embargo me contuve todavía algunos momentos y permanecí inmóvil pero el latido crecía cada vez más fuerte más fuerte me pareció que,demás fuerte me siguen ustedes con atención les h dicho que soy nervioso sí lo soy y ahora a medianoche en el terrible silencio de quella antigua casa un rersonar tan extraña como aquel me llenó de un horror incontrolable sin embargo me contuve todavía algunos mientos y permanecí inmóvil pero el la teo crecía cada vez más fuerte más fuerte me pareció que,0.1875
que el corazón iba a estalar y una nueva ansiedad se apoderó de mí algún vecino podía escuchar aquel sonido la hora del viejo había sonado lanzando una larida abrida de toda la linterna me precipité en la habitación el viejo clavó una vez nada más que una vez me costó un segundo para arojarlo en suelo y echarle encima el pesado colchón sonría alegremente al ver lo fácil que me había abierto,que el corazón iba esáallar y una rueva anciad se podado de mí algún vecino podía escuchar aquel sonido la ora el viejo había sonado lanzando un a larida abrida del toda la linterna me precipité en la habitación el viejo clavó una vez nada más de una vez me costó un segundo para rrojarlo en suelo echarle ensime al pesado col chón sonríé alegremente al ver lo fácil que me había brosr,0.2602739726027397
todo pero durante varios minutos el corazón siguió latiendo con un sonido ahogado claro que no me preocupaba pues nadie podría haberlo escuchado a través de las paredes cesó por fin de latir el viejo había muerto levanté el colchón y examiné el cadáver sí estaba muerto completamente muerto apoyé la mano sobre el corazón y la mantuve así largo tiempo entonces sentía el menor latido,todopero durante varios minutos el corazón siguió atiendo con un sonido ahogado claro que no me peocupaba pues nadie podría haberlo escuchado la raves de las paredes cesó por fin de latir el viejo había muerto levanté el colchón y examiné el cadáver sí estaba muerto completamente muerto apoyé la mano sobre el corazón y la mantuve ací largo tiempo toses sentía el menor latido,0.12121212121212122
el viejo estaba bien muerto su ojo no volvería a molestarme si ustedes continúen tomándome por loco dejarán de hacerlo cuando les escriba las astutos precauciones que adopte para esconder el cadáver la noche avanzaba mientras yo cumplía mi trabajo con rapidez pero en silencio ante todo descuarticé el cadáver le corté la cabeza brazos y piernas levanté luego tres planches del piso de la habitación y escondí los restos en el hueco,el viejo estaba bien muerto su ojo no volvería a molestarestás continuó en tomándome por loco dejarán de hacerlo cuando lo secuera e lacesinotas precaciones que adobté paraesconder el cadáver la noche avanzaba mientras yo cumplía mi trabajo con rapideez pero en silencio ante todo descuartíce el cadáver le corté la cabeza brazos y piernas la anteluego tres planchas del piso de la ditación escondida ss restos en el huer,0.3013698630136986
volví a colocar los talones con tanta habilidad que ningún ojo humano ni siquiera el suyo hubiera podido advertir la menor diferencia no había nada que lavar ninguna mancha ningún rastro de sangre yo era demasiado precavido para eso una cueva lo habría recogido todo jaja cuando hubiera terminado mi tarea eran las de la madrugada pero seguía tan oscuro como a medias,volví a colocar los talones con tanta habilidad que ningún ojo humano ni siquiera el suyo hubiera podido advertir la menor diferencia no hubiíje nada que lavar ninguna mancha ningún rastro de sangre yo era demasiado precavido para eso una cuva lo habría recogido todo ja ja cuando hu determinado mi tarea eran adcuatro y la madrugada pero siguía tan oscuro como amea,0.1746031746031746
noche en momentos en que subían las campanadas de la hora golpearon a la puerta de la cale acudí a abrir con toda tranquilidad pues qué podía temer ahora hay a tres cabaleros que se presentaron muy civilmente como oficiales de policía durante la noche un vecino había escuchado un alarido por lo cual se sospechaba la posibilidad de algún atentado al recibir este informe en el puesto de la policía habían comisionado a los tres cabaleros,anoche en momentos en que soían las campanadas de la ora golpieron a la puerta de la calle acudí a abrir con toda la inquilidad pues qué podía temer ahora haía tres caballeros que sespresentaron muy civilmente como oficial de policía durante la noche un vecino había escuchado un alarido por lo cual se suspechaba la posibilidad de algún atentado al recibir esta informe qen el puesto de la policía habían commisionado el setas,0.2727272727272727
agentes para que registraran el lugar sonreí pues que tenía que temer dí la bienvenida a los oficiales y les expliqué que yo había lanzado aquel grito durante una pesadila le hice saber que el viejo se había sentado en la campaña le veía a los visitantes al recorer la casa y los invité a que revisaran a que revisaran bien finalmente acabé conduciéndolos a la habitación del muerto les mostré sus caudales,sa gentes para que registraran el lugar sonreí pues qué tenía que temer di la bienvenida a los oficiales y les expliqué que yo había lanzado aquel grito durante una pesadilla le hice saber que el viejo se había sentado en la campaña leve a los visitantes al recorrer la casa y los invidía que revisaran a que revisaran bien finalmente acabé conduciéndolos a la habitación del muerto les mostré sus caudales,0.136986301369863
intactos y como cada cosa se halaba en su lugar en el entusiasmo de mis confidencias traje silas a la habitación y pedí a los tres sabaleros que se descansaran alí de su fatiga mientras yo vivo con la audacia y mi perfecto triunfo colocaba mi sila en el exacto punto bajo el cual reposaba el cadáver de mi víctima los oficiales se sentían satisfechos,sintacto sí como cada cosa se hallaba en su lugar en el entusiasmo de mis confidencias traje sillas la habitación y pedí a los tres aballeros que se descansaran allí de su fatiga mientras yo mismo con la audacia e mi perfecto triunfo colocaba mí siga en el exacto punto bajo l cual reposaba el cadábere de mi víctima los osficiales se sentían satisfechos is mudare,0.24615384615384617
se habían convencido por mi parte me echaba perfectamente cómodo sentaronse y hablaron de cosas comunes mientras yo les contestaba con animación más al cabo de un rato empecé a notar que me ponía pálido y decía que se marcharon me dolía la cabeza y creía percibir un zumbido en los oídos pero los policías continuaban sentados y charlando el zumbido se hizo más,s habían convencido por mi parte me echaba perfectamente cómodo sentandose y hablaron de cosas comunes mientras yo les contestaba con animasión más al cabo de un rato empez a notar que me ponía pálido y decía que se marcharan me dolía la cabeza y creía percibir un sumbido en los oídos pero los policías continuaban sentados y charlando el zumbido se hizo máse,0.109375
intenso seguía resonando y era cada vez más intenso hablé en voz muy alta para librarme de esa sensación pero continuaba lo mismo y seguido haciendo cada vez más claro hasta que al fin me di cuenta de que aquel sonido no se producía dentro de mis oídos sin duda debí ponerme muy pálido pero seguí hablando con crecientes alturas y levantando mucho la voz empero el sonido aumentaba,intenso seguía resonando y era cada vez más intenso hablé en voz muy alta para librarmede esa sensación pero continuaba lo mismo y seguido haciendo cada vez más claro hasta que al fin me di cuenta de a que aquel sonido no se produciera dentro de mis oídos sin duda debía ponerme muy pálido pero seguí hablando con crecientes aturas y levantande mucho la voz empero el sonido aumentab,0.11594202898550725
y qué podía hacer yo era un resonar apagado y presuroso un sonido como el que podría ser un reloj envuelto en algodón yo jadeaba tratando de recorer el aliento y sin embargo los policías no habían oído nada hablé como yo rapidez con vehemencia pero el sonido crecía continuamente me puse en pie y discutí sobre las significancias en voz muy alta,y qué podía hacer yo era un resonar apagado y presuroso un sonido como el que podía ser un reloj envuelto en algujón yo jadeaba tratando de recorrer le lento y sin embargo los policías no habían oído nada hablé como yo rapidez con vehemencia pero el sonido crecía continuamente me puso en pie y discutí sobre las significancias en voz muy alta,0.09523809523809523
y con violentas esticolaciones pero el sonido crecía continuamente por qué no se iban anduve de un lado a otro a grandes pasos como si las observaciones de aquelos hombres me enfurecieran pero el sonido crecía continuamente oh dios qué podía ser yo lancé espumarajos de rabia maldije juré balanceando la sila sobre la cual me había sentado raspé con ela las talas del piso pero el sonido crecía continuamente,y con violentas esticolaciones pero el sonido crecía continuamente por qué no se iban anduve de un lado e los grandes pasos como si las observaciones de aquellos hombres me enfurecieran pero el sonido crecía continuamente oh dios que podía ser yo lancé espumarajos de rabia maldije juré balanceando la siguia sobre la cual me había sentado raspé con ella las talas del piso e eeeero e seosnoe,0.17142857142857143
yo sobrepujaba a todos los otros y crecía sin cesar más alto más alto más alto y entre tanto los hombres seguían charlando plácidamente y sonriendo era posible que no oyeran santo dios no no claro que lo oían y sospechaban sabían y se estaban burlando de mi horor sí así lo pensé y así lo pienso hoy,o sobreempujaba tordo de los otros y crecía sin cesar más alto más alto más alto y entretanto los hombres seguían charlando plácidamente y sonriendo era posible que no oyeran santo dios no no claro que lo oían y sospechaban sabían y se estaban burlando de mí horror sí así lo parecea y así lo pieso hoy pero e,0.20689655172413793
cualquier cosa era preferible a aquela agonía cualquier cosa sería más tolerable que aquel escarnio no podía soportar más tiempo sus sonrisas hipócritas sentí que tenía que gritar o morir y entonces otra vez escuchen más fuerte más fuerte más fuerte más fuerte basta ya de fingir malvados auyé confieso que lo mató,cualquier cosa i preferible a aquella agonía cualquier cosa sería más tolerable que aquel escarno no podía soportar más tiempo sus sonrisas hipócritas sentí que tenía que gritar o morir y entonces otra vez escuchen más fuerte más fuerte más fuerte más fuerte basta ya de finir malvados auyé confieso que lo mata,0.09433962264150944
levanten esos tablones alí alí donde está lateando su horible corazón,levanten esos tablones allí allí donde está lateando su horrible corazón,0.2727272727272727
a veces me preocupa no ser el héroe que todo el mundo cre que soy los filósofos me aseguran que ese es el momento que los signos se han cumplido pero yo me sigo preguntando si no tienen al hombre equivocado tanta gente depende de mí dicen que tengo en mis manos el futuro del mundo entero qué pensarían si supieran que su paladín el héroe de la siera su salvador duda de sí mismo tal vez,a veces me preocupan user el hoere que todo el mundo cree que soy los filósofos me aseguran que ese es el momento que los signos se han cumplido pero yo me sigo preguntando si no tienen al hombre equivocado tanta gente depende de mí dicen que tengo en mis manos el futuro del mundo entero qué pensarían si supieran que su paladín el héroe de la sera su salvador duda de sí mismo tal vez,0.07792207792207792
no solo se sorprendería en absoluto en cierto modo es lo que más me ocupa tal vez en el fondo de sus corazones duda igual que dudo yo cuando me ven ven a un mentiroso me considero un hombre de principios pero qué hombre no se considera como tal incluso el asesino según el advertido interpreta sus aciones como morales tal vez otra persona al ler mi video,no solo se erprendería en absoluto en cierto modo es lo que más me ocupa tal vez en el fondo de sus corazones duda igual que dudo yo cuando me ven ven a un mentiroso me considero un hombre de principios pero qué hombre no se considera como tal incluso el asesino según a divertido interpreta sus asiones como morales tal vez otra persona al leer mi vid,0.08823529411764706
me considero un tirano religioso puedes lamarme arogante qué hace que la opinión de ese hombre sea menos válida que la mía propia supongo que todo se ruye o sea una sola cosa al final soy yo quien tiene los ejércitos de su parte si los hombres len estas palabras que sepan que el poder es una pesada carga no busquéis caer en sus redes sociales,me considera un tirano religioso puedes llamarme arrogante qué hace que la opinión de ese hombre sea menos válida que la mía propia supongo que todo se rubio suna sola cosa al final soy yo quien tiene los ejércitos de su parte si los hombres leen a las palabras que sepan que el poder es una pesada carga no busquéis caer en su esraea,0.19696969696969696
las progresivas de teris dicen que yo tendré el poder para salvar el mundo sin embargo dan a entender que también tendré el poder para destruirlo legamos a teris a principios de la semana y tengo que decir que el paisaje me parecía maraviloso las grandes montañas con sus cimas nevadas y sus faldas boscosas se alzan como dioses,las polosías de terris dicen que yo tendré el poder para salvar el mundo sin embargo dan a entender que terme tendré el poder para destruirlo llegamos a terris a principios de la semana y tengo que decir que el paisaje me parecía maravilloso las grandes montañas con sus cimas nevadas y sus faldas boscosas se alzan como dioses,0.1016949152542373
guardi eh guardianes sobre estas tieras verdes de fertilidad mis propias tieras del sur son lanas creo que serían menos teribles si hubiera unas cuantas montañas para dar variedad al tereno aquí la gente se dedica principalmente al pastoreo aunque no es extraño encontrar leneadores y grajeros es una tiera a paz su,guard guardianes sobre estas tierras verdes ferros de fertilidad mis propias tierras del sur son llanas creo que serían menos terribles si hubiera unas cuantas montañas para dar variedad al terreno aquí la gente se dedica principalmente al pastoreo aunque no es extraño encontrar leneadores y grajeros es una tierra a paz su,0.16981132075471697
de luego parece extraño que un sitio tan adricula sea la cuna de las profecías y de la teología en la que se basa actualmente el mundo entero al parecer en la siguiente etapa de mi vida nos levará a las tieras altas de téris si se que es un lugar frío e implacable una tiera donde las montañas mismas están hechas de hielo nuestros sirvientes no sirven para este viaje es probable que la tiera no sea tan fría como la tiera,de luego parece extraño que un sitio tanarícola sea la cuna de las profecías y de la teología en la que se basa actualmente el mundo entero al parecer la siguiente etapa de mi vida nos llevará a las tieras altas de terris si se que s un lugar frío e implacable una tierra donde las montañas mismas están hechas de hielo nuestros sivientes so a siro par e ese e vi are  at es oeoriataea,0.30120481927710846
que tengamos que contratar a algunos portadores de teris que leven nuestras pertenencias ni siquiera comprendo lo que supone que tengo que hacer los filósofos de teris dicen que lo sabré cuando legue el momento pero es un flaco consuelo la profundidad debe ser destruida y al parecer soy la única persona que puede hacerlo si no lo hago pronto de esa tiera solo quedaran más que huesos y polvo nunca quizá,que tengamos que contetaba algunos porteabres de terris que dio en nuestros pertenencies disiquiera complendo lo que supene que temo caser los filosafos deterr is dicen que lo sabrí cuandolegael momento pero es un flaco consuro la profundia deve ser destruía y al parecer sol e únincua presona que puede acerlo si no lo hgo pronto de esta tierra solo que daran más que hueso si polvonunca qui,0.5555555555555556
esto cierto pero alguien tiene que detener la profundidad y al parecer térez es el único sitio donde puede hacerse sin embargo sobre este hecho no tengo que aceptar las palabras de los filósofos ahora puedo sentir nuestro objetivo puedo sentirlo aunque los otros no pueden late en mi mente alá lejos en las montañas loache era un hombre alto naturalmente,isto ciertopero alguien tiene que detener la profundidad y al parecer terres ser único sitio de puede cerse sin embargo sobre este hecho no tengo que aceptar las palabras de los filósofos ahora puedo centir no esto jetivo puedo sentirlo aunque los otros no pueden late en mi mente allí lejos en las montañas lo agesh en un hombre alto naturalmente,0.26229508196721313
la mayoría de tericianos lo son es joven para lo que los otros lo respeten tanto tiene carisma y las mujeres de la corte probablemente lo describirían como guapo que a su manera es un tanto hasta sin embargo me sorprende que alguien preste atención a un hombre que predica tanto odio nunca he visto a que,la mayoría de tersianos lo son es joven para lo que los otros lo respeten tanto tiene carisma y las mujeres de la corte probablemente lo descubrirían como describirían como guapo que q a su manera eeso en tanto basta sin embargo me sorprende que alguien pretención a unhombre que predica tanto odio nunca he visto aq,0.22807017543859648
pero maldice la ciudad no me conoce pero no te lo odio y lo oscilian de sus ojos él defenderá sus costumbres y sin embargo las violará será su salvador y sin embargo lo lamaran hereje sus nombres será discordia y sin embargo lo amarán por elo en el fondo me preocupa que mi renuncia nos destruya a todos,pero maldice la ciudad no me conoce pero no te lo odio y lo ostilidan de sus ojos él eprenderá sus costumbres y sin embargo las violará será su salvador y sin embargo lo llamaran hereje sus nombres será discordia y sin embargo lo amarán por ello en el fondo me preocupa que mi renancia nos destruye a todos,0.1016949152542373
me sorprende cuántas naciones se han unido en pos de nuestro propósito sigen habiendo disidentes naturalmente y algunos reinos por desgracia se han ensarzado en gueras que no han podido detener sin embargo contemplar la unidad general es glorioso casi abrumador ojalá a las naciones de la humanidad no les hubiera hecho falta una,me sorprende cuántas naciones se han unido en pos de nuestro propósito sigen habiendo disidentes naturalmente y algunos reinos por desgrasia se han ensarzado en guerras que no han podido detener sin embargo contemplar la unidad general es glorioso casi abrumador ojalá a las naciones de la humanidad no no se hubiera hecho falta una o,0.09259259259259259
amenaza tan terible para valorar la paz y la coperación parece que rajesh representa una fación creciente en la cultura de teris gran número de jóvenes piensan que sus inusitados poderes deberían ser usados para algo más que trabajar en el campo engendrar hijos y talar piedras son rudos incluso violentos muy distintos a los tranquilos y los hermosos,amenaza tan terrible para valorar la paz y la cooperación parece que rajesh representa una facción creciente en la cultura de terris gran número de jóvenes piensan que sus inusitados poderes deberían ser usados para algo más que trabajar en el campo engendrar hijos y tallar piedras son rudos incluso violentos muy distintos a los tranquilos y losaseros,0.11864406779661017
de filósofos y hombres santos de teres que he conocido tendré que ser vigilados con cuidado estos tericianos podrían ser muy peligrosos si se les da la ocasión y el motivo cómo sería si todas las naciones desde las islas del sur hasta las montañas de teres al norte estuvieran unidas bajo un solo gobierno qué maravilas podrían conseguirse que,a de filósofos y hombressantos de teres que he conocido tendré que ser vilados con cuidados estos terrisianos podrían ser muy peligrosos si se les da la ocasión y el motivo cómo sería si todas las naciones desde las islas del sur hasta las montañas de teres e lnorte estuvieran unidas bajo un solo gobierno qué maravillos podré conseguirse qué,0.18333333333333332
qué progreso podría lograrse si la maniara enunciara permanentemente a sus disputas y se uniera supongo que es demasiado esperar un único imperio unificado nunca sucederá sé que debería dejar que un simple portador me perturbe a veces me pregunto si me estoy volviendo loco tal vez sea debido a la presión de esa persona,progreso podría lograrse si lo omanearo enunciar pemanentemente a sus disputas y se uniera supongo que es demasiado esperar un único imperio unificado nunca sucederá sé que debebía dejar que un simple portador me perturbe a veces me progunto si me estoyi volviendo loco tal vez sea debido a la pressió n de es,0.21818181818181817
saber que de algún modo debo soportar la carga de todo el mundo tal vez por las muertes que he visto los amigos que he perdido los amigos que he visto obligados a matar sea como sea a veces veo sombras siguiéndome oscuras criaturas que no comprendo ni deseo comprender serán acaso frutos de mi mente agotada no sé por qué me traicionó,ber que de algún modo debo soportar la carga de todo el mundo tal vez por las muertes que uhe visto los amigos que perdido los amigos que he visto llegados a matar sea como sea a veces veo sombras siguiéndome oscuras criaturas que no comprendo ni deseo comprender serán acaso frútos de mi mente agotada no sé por qué me tradicionó,0.09523809523809523
incluso así este hecho acosa mis pensamientos fue el que me descubrió fue el filósofo de therys que me lamó primero héroe de las eras parece irónicamente realista que ahora después de una larga puna por convencer a sus colegas sea el único hombre santo de importancia que predica en contra de mi reino,incluso así este hecho acosa mis pensamientos fue el que me descubrió fu el el pie filósofo de theris que llamó me llamó primero héroe de las ceras parece n irónicamente realista que ahora después delargo ede una larga pugna por convenser a sus colegas sea al único hombre santo de importancia que predica en contra de mi reino,0.24074074074074073
muchos cren que mi viaje comenzó en clenion esa gran ciudad maravilosa olviden que no era rey cuando comencé mi misión nada de eso creo que los hombres harían bien recordar que esta tarea no le iniciaron emprendedores sacerdotes profetas ni generales no comenzó en clenion,muchos creen que mi viaje comenzó en klanión esa gran ciudad marivillosa olvidan que no era rey cuando comencé mi misión nada de eso creo que los hombres harían bien recordar que esa tarea no les iniciaron emprendedores sacerdotes profesos ni generales no comenzó en clenien,0.17391304347826086
en cordel no neóino ni las grandes naciones del este o del feroz imperio del oeste comenzó un pequeño pueblo sin importancia cuyo nombre no significa nada para vosotros comenzó con un joven hijo de hereros que no destacaban nada excepto quizás en su habilidad para meterse en líos comenzó conmigo a veces me pregunto que hubiera su,en cordel none rino ni las grandes naciones del este o del feroz imperio del oeste comenzó un pequeño pueblo sin importancia cuyo nombre no significa nada para vosotros comenzó con un joven hijo de herreros que no destacaban nada excepto quizás en su habilidad para meterse en líos comenzó conmigo a veces me pregunto que hubiera s,0.06896551724137931
sucedido y si me hubiera quedado alí en aquela pereza aldea de mi nacimiento habría sido horero como mi padre tal vez habría tenido familia hijos propios tal vez otra persona habría tenido que levar esta terible carga alguien que pueda soportarla mejor que yo alguien que merezca ser un hebre podríamos decir que en las circunstancias me obligaron a dejar atrás mi familia,o si me ra quedaba allí en aquella perezosa aldea de benacimiento habría sido herrero como mi padre tal vez habría tenido familia y sus propios tal vez otra persona habría tenido que llevar esa terrible carga alguien que pueda soportarla mejor que yo alguien que merezca ser un hérre podríamos decir que en las circunstancias nos bligaron a dejar a trás mi famila,0.328125
sin duda si me hubiera quedado estaría muerto durante aquelos días huyéndose y saber por qué levando la carga que no comprendía supuse que me perdería en la ciudad y buscaría una vida para no lamar la atención empiezo a comprender poco a poco por qué el anonimato como te dije no es un anonimato es un desastre,sin duda si me hubira quedado estaría muerto durante aquellos días huyéndose y saber por qué llevando la carga que no comprendía supuse que me perdería en la ciudad y busicaría una vida para no llamar la atención empiezo a comprender poco a poco por qué elan e del ane il matocomo,0.29310344827586204
tantas otras cosas es algo que he perdido para siempre kan y yo nos conocimos por casualidad aunque supongo que él diría que fue la providencia he conocido a muchos otros filósofos desde aquel día son cada uno de elos hombres de gran sabiduría y sorprendente sagacidad hombres de una importancia,tantas otras cosas es algo que e he perdido para siempre can y yo nos conocimos por casualidad aunque supongo que el dire qe fue la providencia he conocido a muchos otros filósofos desde aquel día son cada uno de ellos hombres de gran sabiduría y sorprendente sagacidad hombres de una importancia,0.11764705882352941
casi palpable no es así kan en cierto modo es tan improbable que fuese profeta como yo héroe nunca tuvo aire de sabiduría semansemonial tampoco era un hérodito religioso la primera vez que nos vimos estaba investigando uno de sus ridículos intereses en la gran,casi palpable no es así kan en cierto modo es tan improbable que fuese profeta como yo héroe nunca tuvo aire de sabiduría de samnseremonial tampoco era un hérodito religioso la primera vez que nos vimos estaba investigando uno de sus ridículos intereses en la gran,0.044444444444444446
y biblioteca creo que trataba de determinar si los árboles pueden pensar o no que fuera quien finalmente descubrió al héroe de las heras de las prohecias de tereis es un asunto que me habría dado risa si los hechos hubieran sucedido de una manera algo distinta no es una sombra esta cosa oscura me sigue la cosa que solo yo puedo,é biblioteca creo que trataba de determinar si los árboles pueden pensar o no que fuera quien finalmente descubrió al héroe de las eras de las provincias de teres es un asunto que me habría dado risa si los hechos hubieran sucedido de una manera algo distinta no es una sombra esta cosa oscura me sigue la cosa que solo yo pue,0.08064516129032258
ver no es realmente una sombra es negrusca y transparente pero no tiene el contorno sólido de una sombra es insustancial retorcida e informe digamos que está hecho de una niebla negra o de bruma tal vez el héroe de las cedras no será un hombre sin una fuerza ninguna nación lo reclamará,ver no realmente una sombra es une grusca y transparente pero no tiene el controrno solo ded una sombra es insustancial retorcida e informe digamos que está hecho de una niebla negra ore bruma tal vez el éro de las cedras no será un hombre sin una fuerza ninguna nación lo reclamará,0.16981132075471697
ninguna mujer lo conservará ningún rey podrá matarlo no pertenecerá a nadie ni siquiera a sí mismo al principio estaban aquelos que no crerían que la profundidad fuera un peligro serio al menos no para elos sin embargo trajo consigo una plaga que he visto infectar a casi toda la tiera los ejércitos son inútiles contra elos,ninguna mujer lo conservará ningún rey podrá matarlo no pertenecerá a nadie ni siquiera a sí mismo al principio estaban aquellos que no creerían que la profundidad fuera un peligro serio al menos no para ellos sin embargo trajo consigo una plaga que he visto infectara casi toda la tierra los ejércitos son inútiles contra ello,0.12280701754385964
las grandes ciudades son arasadas por su poder las que ustedes elas se pierden y la tiera muere a eso combato este es el monstruo que debo derotar me preocupa haber tardado demasiado ya he producido tanta destrución que temo por la supervivencia de la humanidad es verdaderamente el fin del mundo como,las grandes ciudades son arrasadas por su poder las que ustedes ellas se pierden y la tierra mujere a eso combato este es el monstruo que debo derrotar me preocupa haber tardado demasiado ya he producido tanta destrucción que temo por la supervivencia de la humanidad es verdaderamente el fin del mundo como,0.11320754716981132
apredicen tantos filósofos apenas duermo unas cuantas horas cada noche debemos continuar adelante viajando cuanto podamos cada día pero cuando finalmente me acuesto el sueño me alude los mismos pensamientos que me preocupan durante el día aumentan en la quietud de la noche por encima de todo oigo los golpeteos de las alturas los pulsos de la,predicen tantos filósofos apenas duermo unas cuantas horas cada noche debemos continuar adelante viajando cuanto podamos cada día pero cuando finalmente me acuesto el sueño me alue los mismos pensamientos que me preocupan durante el día aumentan en la quietud de la noche por encima a todo oigo los repeteos de las alturas los pulsos de a,0.08771929824561403
la montaña atrayéndome en cada latido al final he de confiar en mí mismo he visto hombres capaces de arancar de su interior la capacidad de reconocer la verdad y la bondad y creo que no soy uno de elos sigo viendo las lágrimas en los ojos de los niños y siento el dolor de su sufrimiento si alguna vez pierdo esto entonces sabré que,la montaña atrayéndome en cada latiro al final he de confiar en mi midad he visto hombres capaces de arrocar de de su interior la capacidad de reconocer la verdad y la bondad y creo que no soy uno de ellos sigo viendo las lágrimas en los ojos de los niños y siento el dolor de su sufrimiento si alguna vez pierdo esto endose sabré que,0.1076923076923077
he legado a un punto más alá de ninguna esperanza de redención ningún hombre muere por mi mano o por mi orden a no ser que piense que no hay otro remedio sin embargo los mato a veces desearía no ser maldito realista me siento muy cansado creo que he descubierto por fin por qué me doy a tanto rato,e llegado a un punto más alla de ninguna esperansa de redención ningún hombre muere por mi mano o por me órden a no ser que pience que pience que no hy otro remedio sien embargo los mato a veces dessería no ser maldito realista me siento moycanzado qrero que es cuierto por fin por qué me doría tanto rela,0.3333333333333333
no creo que un extraño como yo un farastero pueda ser el héroe de las eras creo que de algún modo he engañado a los filósofos que levo injustamente la marca del héroe según rajesh un tericiano de pura sangre debería haber elegido como el héroe curiosamente me siento más decidido a causa de su odio debo demostrar que no es así,nno cree que un extraño como yo un farastero pueda ser el leo de las sera cree que de algún modo he engañado a los filósofos que llevo injustamente la marca del héroe según rajesh un terriciano de pura sangre debería ber ar elegido como al héroe curiosamente me siento más decidido a causa de su odio die os esmo sesea,0.25806451612903225
y que puedo realizar esa tarea a veces mis compañeros dicen que me preocupo y me cuestiona demasiado sin embargo aunque puedo dudar de mi estatua como héroe hay una cosa que nunca he puesto duda el final de nuestra misión la profundidad tiene que ser destruida la he visto la he sentido,que puedo realizar esa tarea a veces mis compañeros dicen que me preocupo y me cuestiona demasiado sin embargo aunque puedo dudar de mi estatura como héroe hay una cosa que nunca he puesto duda el final de nuestra misión la profundidad tiene que ser destruida la he visto la he sentido,0.03773584905660377
este nombre que le damos es una palabra demasiado débil creo si la profundidad es insondable pero también es terible muchos no se dan cuenta de que es setiente pero yo he sentido su mente tal como es las pocas veces que me he enfrentado a ela directamente es un ser de destrución locura y corupción,este nombre que le damos es una palabra demasiado débil creo si la profundidad es insondable pero también es terrible muchos no se dan cuenta de que es sertiente pero yo he sentido su gente tal como es las pocas veces que me he enfrentado a ella directamente es un ser de destrucción locura y corrupción,0.10714285714285714
destruiría este mundo no por rencor sino simplemente porque es lo que hace todos los demás piensan que debería haber ordenado amputar a cam por traicionarme siendo sinceros probablemente lo mataría ahora mismo si supiera dónde se ha metido en ese momento sin embargo no pude hacerlo el hombre se había,destruiría este mundo no por recor sino simplemente porque es lo que hace todos los demás piensan que debería haber ordenado ae putar a cam por traicionar siendo sinceros probablemente lo mataría ahora mismo si subiera dónde se had metido en ese momento sin embargo no pude hacerlo eel hombre se abía,0.1568627450980392
convertido en un padre para mí hasta hoy no sé por qué de pronto he decidido que ya no era el héroe por qué se volvió contra mí denunciando mediante el conclave de los creadores del mundo al completo preferiría que ganara la profundidad sin duda aunque yo no sea el adecuado ahora que dice kan mi presencia en el post de la ascensión,convertido en un padre para mí hasta hoy no sé por qué de pronto eil io que ya no era el héroe por qué se volvió contra mí denunciando mediante el conclave de los creadores  del mundo al completo preferiría que ganara la profundidad sin duda aunque yo no sea ela adecuado ahora que dice kan mi presencia en el posto de la ascenio,0.078125
no podría ser peor de lo que sucederá si la profundidad continuar destruyendo la tiera la mayoría de teresianos no son tan malos como rajesh sin embargo puedo ver que cren en él hasta cierto punto son hombres sencilos ni filósofos ni eruditos y no comprenden que sus propias profecías dicen que el héroe de las eras será un extranjero,no podría ser peor de lo que sucuderase la profundidad continuar destruyendo la tierra la mayoría de teresianos no son tan malos como rajesh sin embargo puedo ver que creen en él hasta cierto punto son hombres sencillos ni filósofos ni eruditos y no comprenden que sus propias profesías dicen que el héroe de las ceras será un extranjero,0.11666666666666667
lo que señala rahesh que son un pueblo superior y que deben dominar en vez de estar sometidos ante tanta pasión y odio incluso los hombres buenos pueden ser engañados a otros hombres les preocupa si serán recordados o no yo no siento sus temores incluso descartando las profecías de teno,lo que señala rajesh que son un poder usuperior y que deben dominar en vez de estar sometidos aante tanta pasión y odio incluse los hombres buenos pueden ser engañados a otros hombres leos preocupas si serán recordados o no no sientos sus temores incluso descartando las profesíasde tea,0.23529411764705882
he traído tal caos conflicto y esperanza a este mundo que hay pocas posibilidades de que sea olvidado me preocupa lo que dirán de mí los historiadores pueden hacer con el paso de lo que quieran dentro de mil años seré recordado como el hombre que protegió la humanidad de un poderoso mal o seré recordado como un tirano arogante,he traído tal caos conflicto y esperanza e este mundo que hay pocas posibilidades de que sea olvidado me preocupa lo que dirán de mí los historiadores pueden hacer con el paso de lo que quieran dentro de mil años seré recordado como el hombre que protegió la humanidad de un poderoso mal o seré recordado como un tirano arrogante,0.03333333333333333
que trató de convertirse en leyenda aunque muchos tericianos expresan cierto desprecio hacia la ciudad también sienten envidia he visto que los porteadores a hablar con asombro de las catedrales de sus sorprendentes vidrieras pintadas y sus amplios salones también parecen muy afusionados a nuestras modas de vestir en la ciudad de méxico los porteadores de la ciudad de méxico los porteadores de la ciudad de méxico los porteadores de la ciudad de méxico los porteadores de la ciudad de méxico,que trató de convertirse en leyenda aunque muchos terrisianos expresan ciertos desprecios e la ciudad también sienten envidia he dido que los porteadores a hablar con la sombra de as catedrales de sus surprendentes videreas pintadas y sus amplios salones también parecen muy afestinados a nuestra momodas de vestir en la ciudad,0.5308641975308642
la vez vi como muchos jóvenes cambiando sus pieles por trajes de cabalero hechos a media ahora ya estamos cerca extrañamente en estas alturas de las montañas parecemos finalmente libres de la presión y el contacto de la profundidad ha pasado algún tiempo desde que descubrí lo que era eso el lago que descubrió,lavez vi como muchos jóvenes cambiando sus pieles por trajes de caballero hechos a media ahora ya estamos cerca extrañamente en esas alturas de las montañas parecemos finalmente libres de la presión y el contrapto de la profundidad ha pasado algún tiempo desde que descubrí lo que era eso el lago que descubrió,0.09259259259259259
fedik está bajo nosotros puedo verlo desde aquí para eso es más extraño desde esta perspectiva con su brilo brilo vetrio casi matálico casi deseo haber permitido tomar una muestra de sus aguas tal vez su interés era lo que enfadó a la criatura de la broma que nos sigue tal vez tal vez por eso decidió atacarlo,fedik está bajo nosotros puedo verlo des de aquí para eso un más extraño es de esta perspectiva con su billo brillo vetrio casi matálico tasi deseo haber permitido tomar una muesta de sus aguas tal vez su interés era lo que enfodó a la creatura de la bruma que no sigue tal vez tal vez por eso decidió a tacarlo,0.25862068965517243
apuñalándolo con su cuchilo invisible curiosamente el ataque me consoló al menos se desde entonces que alguien más lo ha visto eso significa que no soy loco nunca quise ser temido y lamento una cosa y es el temor que he causado el miedo es la heramienta de los tiranos y por desgracia,apuñalándocon su cuchino invisible curiosamente el ataque me consoló al menos se desde entonces que alguien más lo ha visto eso significa que no soy loco nunca quise serte mío ylamenta una cosa y es el temor que he causado el mío es la herramienta de los tiranos y por desgracia,0.16981132075471697
cuando el destino del mundo está en juego usas las heramientas que tienes a mano sé lo que sucediera si tomo la decisión equivocada debo ser fuerte no he de quedarme de poder para mí porque he visto lo que sucederá si lo hago he decidido que tengo que dar gracias al odio de rajesh me hace bien recordar que hay quienes me aborecien no es mi idea de hacer nada,cuando el destino del mundo está en juego usas las herramientas que tienes a mano sé lo que sucediera si tomo la ecición equivocada debo ser fuerte no he de quedar de poder para mí porque he visto lo que sescdará si lo hago he decidido que tengo que dar gracias al odio e rajesh me hace bien recordar que hay quienes me aborrecen no es ni iera,0.15492957746478872
buscar la popularidad ni el amor sino asegurar la supervivencia de la humanidad hay algo más hermoso que el sol a menudo lo contemplo al salir pues mi sueño inquieto suele despertarme antes del alba cada vez que lo veo me tranquiliza la luz amarila a asomar por el horizonte siento un poco más de determinación,buscar la popularidad ni el amor sino asegurar la supervivencia de la humanidad hay algo más hermoso que el sol a menudo contemo o contemplo a salir pues mi sueño inquieto suele despertarme antes deel alba cada vez que lo dejo me tranquiliza la luz amarilla a asomar por el horizonte siento un poco más de le terminación,0.14285714285714285
poco más de esperanza en cierto modo ese es lo que me ha mantenido en marcha todo el tiempo estos son mis temores mientras escribo con la pluma cubierta descarcha la vizpa del renacer del mundo rogelts observa me odia las cabrilas están ahí adelante latiendo mis dedos tiemblan nueve frío mañana terminará extrañamente en ocasiones,poco más de esperanza en cierto modo ese slo que me ha mantenido en marcha todo el tiempo estos son mis temores mientras escribo con la pluma cubierta descarcha la vispra del renacer del mundo ragels observa me odia las caballas están ahí adelante latiendo mis dedos tiemblan nueve frío mañana terminará extrañamente en ocasiones,0.08928571428571429
siento paz interior se podría pensar que después de todo lo que he sufrido mi alma sería un arojijo de tensiones confusión y melancolía a menudo así es pero luego está en paz lo siento a veces como ahora asomado sobre el acantilado congelado y las montañas de cristal en la inquietud de la mañana contemplando,siento paz interior se podría pensar que después de todo lo que esufrio mi alma sería un arrojijo de atensiones confusión y melancolía a menudo así es pero luego esta en paz lo siento a veces como ahona asomado sobre el acantilado congelado y las montañas de cristal en la inquietud de la muente de la mañana contemplan,0.17857142857142858
amanecer majestuoso que sé que en ningún otro será jamás o igual,amanecer majestuoso que sé que en ningún otro será jamás igual,0.08333333333333333
