archivo,persona,transcripcion
Audios_WAV\Bryan\brayan_partes_000.wav,Bryan,how to use this book in this book will show you the power of house plants to transform your life each shipper explores different aspects of their
Audios_WAV\Bryan\brayan_partes_001.wav,Bryan,to try the ship is covered plant power for the meaning learn how plants can subtly transform your relationships with yourself boost your mood reduce stress and help you live a happy life
Audios_WAV\Bryan\brayan_partes_002.wav,Bryan,power for heal read about home plans you can make your home healthy and in turn make your healthy too kitchen garden anyway plants power for creativity understand how
Audios_WAV\Bryan\brayan_partes_003.wav,Bryan,plants can fill up your senses and engage your imaginations plants power for productivity learn why adding a plant to your desk could make you happier and
Audios_WAV\Bryan\brayan_partes_004.wav,Bryan,more productivity at work plan for you social life and nothing makes our social space more welcoming than plants and will show you home take and help you make friends too
Audios_WAV\Bryan\brayan_partes_005.wav,Bryan,plan power for nourishment grow your home nutrition goodies wind having to learn the house and discovery how to be a sustainable plantsparing
Audios_WAV\Bryan\brayan_partes_006.wav,Bryan,plants power for rest and relax learn about the plants that can help you breathing easier and get a break th slip after that we shapes
Audios_WAV\Bryan\brayan_partes_007.wav,Bryan,tips for keeping your house plants happy and healthy so they can keep or power up your life right ready to fight in love with plants and all they can do for you
Audios_WAV\Bryan\brayan_partes_008.wav,Bryan,plants power for the meaning plants not only look fabulous and living up our space but they're also a certain pounds for your meanings a busy lifestyle
Audios_WAV\Bryan\brayan_partes_009.wav,Bryan,can often make you feel disconnected from the natural world and that's where plants can step in arriving home to the green oasis whether it's a living room jungle or a
Audios_WAV\Bryan\brayan_partes_010.wav,Bryan,cumbling pot plants are too brings an instance of calm and tranquility carrying for a plant requires a lot of different skills beyond a well a watering can
Audios_WAV\Bryan\brayan_partes_011.wav,Bryan,you need compassion attention and patience too the act of looking after our green friends can in turn create a shift or relationship with all salvers
Audios_WAV\Bryan\brayan_partes_012.wav,Bryan,plants can be with teachers noting use to save a way we can learn how to live in this chapter we look at why plants have the power to natural or meanings
Audios_WAV\Bryan\brayan_partes_013.wav,Bryan,about plants are a stream board to self care self care is more than just a bruise work it's essential to happy hatred life put simple it's a daily practice of habit
Audios_WAV\Bryan\brayan_partes_014.wav,Bryan,a ritual stand helps you take good care of yourself physically mentally and spiritually while it's a simple idea it can be a struggle to make time for selfcare
Audios_WAV\Bryan\brayan_partes_015.wav,Bryan,i mean a busy life but full of competition priorities and responsibilities but if you are after a shortterm selfcare practice plan are your friends hers why
Audios_WAV\Bryan\brayan_partes_016.wav,Bryan,it felt good to natural temp bringing a plant into your home meeting seemed like a small thing but when you do this you come to become the custodian of a little green life where you put care and
Audios_WAV\Bryan\brayan_partes_017.wav,Bryan,time into looking after somethings other than yourself will licorice get a buzz of purpose and blazorice as you see the plants flourish under your attention
Audios_WAV\Bryan\brayan_partes_018.wav,Bryan,you will feel a renamed connection to the natural world too tape remand use that with necessary care too we need to pay attention to our plants to notice when they are thirsty
Audios_WAV\Bryan\brayan_partes_019.wav,Bryan,or need a sooner location or a good dusting then respond accordingly sinning or plants trigger can help us stop a train
Audios_WAV\Bryan\brayan_partes_020.wav,Bryan,a thing sorry can work happening if i applied some of this care and attention to myself they teach use that small actions matter
Audios_WAV\Bryan\brayan_partes_021.wav,Bryan,self care don'ts does have to be a hoax time shock and shines don't need to be dramatic to make a big difference have you ever noticed a home wilted plant
Audios_WAV\Bryan\brayan_partes_022.wav,Bryan,peaks right up often a kick dream of water or homes simply shifting a plant to a different part of the house can give it and need less of life
Audios_WAV\Bryan\brayan_partes_023.wav,Bryan,lidwes when you feel a hover wealth be life a small act live drinking a cool glass of water or steeping or for five minutes
Audios_WAV\Bryan\brayan_partes_024.wav,Bryan,of soon see soon see if can really turn your day around they can be a mirror for our life if your favorite plant is your favorite plant looking a little
Audios_WAV\Bryan\brayan_partes_025.wav,Bryan,and or dropping if you are to bush it to grab the watering can this meaning be an indication that your coal also do win a life nourishing plant
Audios_WAV\Bryan\brayan_partes_026.wav,Bryan,can be a hardening mirror to reflect back us what's really gooding sorry what's really going on in our lives uh like
Audios_WAV\Bryan\brayan_partes_027.wav,Bryan,to help the plants our men need regular care and attention to grow too they remain used to communicate our needs did you know that there are rubber plants
Audios_WAV\Bryan\brayan_partes_028.wav,Bryan,elasticas wet scorched leaf if it gets too much sun and starts to smell rotten if it's over water when a plant is unhappy it's
Audios_WAV\Bryan\brayan_partes_029.wav,Bryan,not afraid to tell you that's something we humans can wear from we often feel pressured to put on a happy face or suck it up but we need to be
Audios_WAV\Bryan\brayan_partes_030.wav,Bryan,to be able to communicate our needs if we want to trigger like our beloved plants it's good self care to notice the things that we may need ahead and to reach out
Audios_WAV\Bryan\brayan_partes_031.wav,Bryan,to a true parcel in our life they remain used that perfection is overrated while there are some fussy plants out there most plants can survive a light
Audios_WAV\Bryan\brayan_partes_032.wav,Bryan,nail it suck as the every four guinni spider plants which always bonds but if you miss watering seasons or two you don't have to be a
Audios_WAV\Bryan\brayan_partes_033.wav,Bryan,perfect plants parents to be a good one plants can be a good remain then we don't have to be perfect ourselves the important thing is to keep showing showing up sorry showing up and doing our
Audios_WAV\Bryan\brayan_partes_034.wav,Bryan,best at learning from our mistakes ok self care tips for plants when you get down to eat plants and people need a lot of the same things
Audios_WAV\Bryan\brayan_partes_035.wav,Bryan,and here are some selfcare tips that we can start from plants stay hydrated drink your water maybe a selfcare glitches but water is a basic need
Audios_WAV\Bryan\brayan_partes_036.wav,Bryan,for greenery and humans alike your plants can be hungry remember to need to get that age to all shorter for yourselves every time
Audios_WAV\Bryan\brayan_partes_037.wav,Bryan,your water your plants follow up fold it up be getting your own glass of water and it's an easy way to create an hateful habit and is the key of
Audios_WAV\Bryan\brayan_partes_038.wav,Bryan,winning game where every every one winner
Audios_WAV\Gabriel\gabriel_partes_000.wav,Gabriel,edgar allan poe el corazón delator es cierto siempre he sido nervioso muy nervioso terriblemente nervioso pero por qué afirman ustedes que estoy loco la enfermedad había agudizado mis sentidos en vez de destruirlos o embotarlos y mi oído era el más agudo de todos oía todo lo que puede oírse en la tierra y en el cielo muchas cosas oía en el
Audios_WAV\Gabriel\gabriel_partes_001.wav,Gabriel,cómo puedo estar loco entonces escuchen y observen con cuánta cordura con cuánta tranquilidad les cuento mi historia me es imposible decir como aquella idea me entró en la cabeza por primera vez pero una vez concebida me acosó noche y día yo no pude seguir a ningún propósito ni tampoco estaba colérico quería mucho al viejo jamás me había hecho nada malo jamás me insultó
Audios_WAV\Gabriel\gabriel_partes_002.wav,Gabriel,su dinero no me interesaba me parece que fue su ojo sí eso fue tenía un ojo semejante al de un buitre un ojo celeste y velado por una tela cada vez que lo clavaba en mí se me lava la sangre y así poco a poco muy gradualmente me fui decidiendo a matar al viejo y librarme de aquel ojo para siempre presen atención ahora ustedes me tomaban por loco
Audios_WAV\Gabriel\gabriel_partes_003.wav,Gabriel,pero los locos no saben nada en cambio si hubieran podido verme si hubieran podido ver con qué habilidad procedí con qué cuidado con qué previsión con qué disimulo me puse a la obra además fui más amable con el viejo que la semana antes de matarlo todas las noches hacia las doce hacía yo girar el picaporte de su puerta y le abría ojo tan suavemente y entonces cuando
Audios_WAV\Gabriel\gabriel_partes_004.wav,Gabriel,la abertura era bastante grande para pasar la cabeza levantaba una linterna sorda cerrada completamente cerrada de manera que no se viera ninguna luz y tras ella pasaba la cabeza oh ustedes se hubieran reído al ver cuán astutamente pasaba la cabeza la movía lentamente muy muy lentamente a fin de no perturbar el sueño del viejo me llevaba una hora entera a introducir con
Audios_WAV\Gabriel\gabriel_partes_005.wav,Gabriel,completamente la cabeza por la abertura de la puerta hasta haberlo tendido en su cama eh es que un loco hubiera se hubiera sido tan prudente como yo y entonces cuando tenía la cabeza completamente dentro del cuarto abría la linterna cautelosamente o tan cautelosamente sí cautelosamente iba abriendo la linterna pues crujían las bisagras la veía abriendo la iba abriendo
Audios_WAV\Gabriel\gabriel_partes_006.wav,Gabriel,lo suficiente para que un solo rayo de luz cayera sobre el ojo del buitre y esto lo hice durante siete largas noches cada noche a las doce pero siempre encontré el ojo cerrado y por eso me era imposible cumplir mi obra porque no era el viejo quien me irritaba sino el mal de ojo y por la mañana apenas iniciaba el día entraba sin miedo en su habitación y le hablaba resueltamente
Audios_WAV\Gabriel\gabriel_partes_007.wav,Gabriel,llamándolo por su nombre con voz cordial y preguntándole cómo había pasado la noche ya ven ustedes que tendría que haber sido un viejo muy astuto para sospechar que todas las noches justamente a las iba yo a mirarlo mientras dormía al llegar a la octava noche procedí con mayor cautela que de costumbre al abrir la puerta el minutero del reloj se mueve con más rapidez de lo que se movía mi mano jamás
Audios_WAV\Gabriel\gabriel_partes_008.wav,Gabriel,antes de que ayer noche había sentido el alcance de mis facultades de mi sagacidad apenas lograba contener mi impresión de triunfo pensar que estaba ahí abriendo poco a poco a la puerta y que él ni siquiera soñaba con mis secretas intenciones o pensamientos me reí entre dientes ante esta idea y quizás me oyó porque lo sentí moverse repentinamente en su cama como si se sobresopiera
Audios_WAV\Gabriel\gabriel_partes_009.wav,Gabriel,saltara ustedes pensarán que me echése atrás pero no su cuarto estaba tan negro como la pesa ya que el viejo cerraba completamente las presianas por miedo a los ladrones yo sabía que era imposible distinguir la abertura de la puerta y seguir empujando suavemente suavemente había ya pasado de la cabeza y me disponía a abrir la linterna cuando mi pulgar resbaló en el cierre metálico y me atrevió a abrir la linterna
Audios_WAV\Gabriel\gabriel_partes_010.wav,Gabriel,el viejo se enderezó en el lecho gritando quién está ahí permanecí inmóvil sin decir palabra durante una hora entera no moví ni un solo músculo y en todo ese tiempo no vi que volviera a tenderse en la cama sigue sentado escuchando tal como yo lo había hecho noche tras noche mientras escuchaba en la pared de los taladros cuyo sonido denuncia la muerte oiré
Audios_WAV\Gabriel\gabriel_partes_011.wav,Gabriel,pronto un leve quejido y supe que era el quejido que nace del terror no expresaba dolor o pena oh no era el ahogado sonido que brota del fondo del alma cuando el espanto la sobrecoge bien conocía yo ese sonido muchas noches justamente a las cuando el mundo entero dormía surgió de mi pecho ahondando con su espantoso eco los terrores que me enloquecían
Audios_WAV\Gabriel\gabriel_partes_012.wav,Gabriel,repito que lo conocía bien comprendí lo que estaba sintiendo el viejo y le tuve lástima aunque me reía en el fondo de mi corazón comprendí que había estado despierto desde el primer leve ruido cuando se murió en la cama había tratado de decirse que aquel ruido no era nada pero sin conseguirlo pensaba no es más que el viento en la chimenea o un grillo que chirrió una sola vez sí había
Audios_WAV\Gabriel\gabriel_partes_013.wav,Gabriel,trataba de darse ánimo con sus suposiciones pero todo era en vano todo era en vano porque la muerte se había aproximado a él deslizándose furtiva y envolvía a su víctima y la fúnebra influencia de aquella sombra imperceptible era lo que la movía a sentir aunque no podía verla ni oírla a sentir la presencia de mi cabeza dentro de la habitación
Audios_WAV\Gabriel\gabriel_partes_014.wav,Gabriel,después de haber esperado un largo tiempo con toda paciencia sin oír que volviera a acostarse resolví abrir una pequeña una pequeñísima ranura en la interna así lo hice no puede imaginarse usted su que cuidado con que inmenso cuidado hasta que un fino rayo de luz semejante al hilo de la araña brotó de la ranura y cayó de lleno sobre el ojo del buitre el ojo de buitre
Audios_WAV\Gabriel\gabriel_partes_015.wav,Gabriel,está abierto abierto en par en par y yo empecé a enfurecerme mientras lo miraba lo vi con toda claridad de un azul apagado y con aquella horrible tela que me lava hasta el tuétano pero no puede haber nada de la cara o el cuerpo del viejo pues como movido por un instinto había orientado de las de luz exactamente hacia el punto maldito no les he dicho ya que tomen errada
Audios_WAV\Gabriel\gabriel_partes_016.wav,Gabriel,lo que tomo erradamente por lo curio es sobre la excesiva agudeza de los sentidos en aquel momento llegó a mis oídos un resonar apagado y presuroso como el que podría ser de un reloj envuelto en algodón aquel sonido también me era familiar era la tira del corazón del viejo aumentó aún más mi furia tal como el redolar de un tambor estimula el coraje de un soldado pero incluso en todo el mundo
Audios_WAV\Gabriel\gabriel_partes_017.wav,Gabriel,entonces me contuví y seguí callado apenas y respirado sostenía la linterna de modo que no se moviera tratando de mantener con toda firmeza posible el haz de luz sobre el ojo entretanto el infernal latir del corazón iba de momento se hacía cada vez más rápido cada vez más fuerte momento a momento el espanto del viejo tenía que ser terrible cada vez más fuerte
Audios_WAV\Gabriel\gabriel_partes_018.wav,Gabriel,de más fuerte me siguen ustedes con atención les he dicho que soy nervioso sí lo soy y ahora a medianoche en el terrible silencio de aquella antigua casa un resonar tan extraño como aquel me llenó de un horror incontrolable sin embargo me contuve todavía algunos momentos y permanecí inmóvil pero el latido crecía cada vez más fuerte más fuerte me pareció que
Audios_WAV\Gabriel\gabriel_partes_019.wav,Gabriel,que el corazón iba a estallar y una nueva ansiedad se apoderó de mí algún vecino podía escuchar aquel sonido la hora del viejo había sonado lanzando una larida abrida de toda la linterna me precipité en la habitación el viejo clavó una vez nada más que una vez me costó un segundo para arrojarlo en suelo y echarle encima el pesado colchón sonría alegremente al ver lo fácil que me había abierto
Audios_WAV\Gabriel\gabriel_partes_020.wav,Gabriel,todo pero durante varios minutos el corazón siguió latiendo con un sonido ahogado claro que no me preocupaba pues nadie podría haberlo escuchado a través de las paredes cesó por fin de latir el viejo había muerto levanté el colchón y examiné el cadáver sí estaba muerto completamente muerto apoyé la mano sobre el corazón y la mantuve así largo tiempo entonces sentía el menor latido
Audios_WAV\Gabriel\gabriel_partes_021.wav,Gabriel,el viejo estaba bien muerto su ojo no volvería a molestarme si ustedes continúen tomándome por loco dejarán de hacerlo cuando les escriba las astutos precauciones que adopte para esconder el cadáver la noche avanzaba mientras yo cumplía mi trabajo con rapidez pero en silencio ante todo descuarticé el cadáver le corté la cabeza brazos y piernas levanté luego tres planches del piso de la habitación y escondí los restos en el hueco
Audios_WAV\Gabriel\gabriel_partes_022.wav,Gabriel,volví a colocar los talones con tanta habilidad que ningún ojo humano ni siquiera el suyo hubiera podido advertir la menor diferencia no había nada que lavar ninguna mancha ningún rastro de sangre yo era demasiado precavido para eso una cueva lo habría recogido todo jaja cuando hubiera terminado mi tarea eran las de la madrugada pero seguía tan oscuro como a medias
Audios_WAV\Gabriel\gabriel_partes_023.wav,Gabriel,noche en momentos en que subían las campanadas de la hora golpearon a la puerta de la calle acudí a abrir con toda tranquilidad pues qué podía temer ahora hay a tres caballeros que se presentaron muy civilmente como oficiales de policía durante la noche un vecino había escuchado un alarido por lo cual se sospechaba la posibilidad de algún atentado al recibir este informe en el puesto de la policía habían comisionado a los tres caballeros
Audios_WAV\Gabriel\gabriel_partes_024.wav,Gabriel,agentes para que registraran el lugar sonreí pues que tenía que temer dí la bienvenida a los oficiales y les expliqué que yo había lanzado aquel grito durante una pesadilla le hice saber que el viejo se había sentado en la campaña le veía a los visitantes al recorrer la casa y los invité a que revisaran a que revisaran bien finalmente acabé conduciéndolos a la habitación del muerto les mostré sus caudales
Audios_WAV\Gabriel\gabriel_partes_025.wav,Gabriel,intactos y como cada cosa se hallaba en su lugar en el entusiasmo de mis confidencias traje sillas a la habitación y pedí a los tres saballeros que se descansaran allí de su fatiga mientras yo vivo con la audacia y mi perfecto triunfo colocaba mi silla en el exacto punto bajo el cual reposaba el cadáver de mi víctima los oficiales se sentían satisfechos
Audios_WAV\Gabriel\gabriel_partes_026.wav,Gabriel,se habían convencido por mi parte me echaba perfectamente cómodo sentaronse y hablaron de cosas comunes mientras yo les contestaba con animación más al cabo de un rato empecé a notar que me ponía pálido y decía que se marcharon me dolía la cabeza y creía percibir un zumbido en los oídos pero los policías continuaban sentados y charlando el zumbido se hizo más
Audios_WAV\Gabriel\gabriel_partes_027.wav,Gabriel,intenso seguía resonando y era cada vez más intenso hablé en voz muy alta para librarme de esa sensación pero continuaba lo mismo y seguido haciendo cada vez más claro hasta que al fin me di cuenta de que aquel sonido no se producía dentro de mis oídos sin duda debí ponerme muy pálido pero seguí hablando con crecientes alturas y levantando mucho la voz empero el sonido aumentaba
Audios_WAV\Gabriel\gabriel_partes_028.wav,Gabriel,y qué podía hacer yo era un resonar apagado y presuroso un sonido como el que podría ser un reloj envuelto en algodón yo jadeaba tratando de recorrer el aliento y sin embargo los policías no habían oído nada hablé como yo rapidez con vehemencia pero el sonido crecía continuamente me puse en pie y discutí sobre las significancias en voz muy alta
Audios_WAV\Gabriel\gabriel_partes_029.wav,Gabriel,y con violentas esticolaciones pero el sonido crecía continuamente por qué no se iban anduve de un lado a otro a grandes pasos como si las observaciones de aquellos hombres me enfurecieran pero el sonido crecía continuamente oh dios qué podía ser yo lancé espumarajos de rabia maldije juré balanceando la silla sobre la cual me había sentado raspé con ella las talas del piso pero el sonido crecía continuamente
Audios_WAV\Gabriel\gabriel_partes_030.wav,Gabriel,yo sobrepujaba a todos los otros y crecía sin cesar más alto más alto más alto y entre tanto los hombres seguían charlando plácidamente y sonriendo era posible que no oyeran santo dios no no claro que lo oían y sospechaban sabían y se estaban burlando de mi horror sí así lo pensé y así lo pienso hoy
Audios_WAV\Gabriel\gabriel_partes_031.wav,Gabriel,cualquier cosa era preferible a aquella agonía cualquier cosa sería más tolerable que aquel escarnio no podía soportar más tiempo sus sonrisas hipócritas sentí que tenía que gritar o morir y entonces otra vez escuchen más fuerte más fuerte más fuerte más fuerte basta ya de fingir malvados auyé confieso que lo mató
Audios_WAV\Gabriel\gabriel_partes_032.wav,Gabriel,levanten esos tablones allí allí donde está lateando su horrible corazón
Audios_WAV\Leiner\leiner_partes_000.wav,Leiner,a veces me preocupa no ser el héroe que todo el mundo cree que soy los filósofos me aseguran que ese es el momento que los signos se han cumplido pero yo me sigo preguntando si no tienen al hombre equivocado tanta gente depende de mí dicen que tengo en mis manos el futuro del mundo entero qué pensarían si supieran que su paladín el héroe de la sierra su salvador duda de sí mismo tal vez
Audios_WAV\Leiner\leiner_partes_001.wav,Leiner,no solo se sorprendería en absoluto en cierto modo es lo que más me ocupa tal vez en el fondo de sus corazones duda igual que dudo yo cuando me ven ven a un mentiroso me considero un hombre de principios pero qué hombre no se considera como tal incluso el asesino según el advertido interpreta sus acciones como morales tal vez otra persona al leer mi video
Audios_WAV\Leiner\leiner_partes_002.wav,Leiner,me considero un tirano religioso puedes llamarme arrogante qué hace que la opinión de ese hombre sea menos válida que la mía propia supongo que todo se ruye o sea una sola cosa al final soy yo quien tiene los ejércitos de su parte si los hombres leen estas palabras que sepan que el poder es una pesada carga no busquéis caer en sus redes sociales
Audios_WAV\Leiner\leiner_partes_003.wav,Leiner,las progresivas de terris dicen que yo tendré el poder para salvar el mundo sin embargo dan a entender que también tendré el poder para destruirlo llegamos a terris a principios de la semana y tengo que decir que el paisaje me parecía maravilloso las grandes montañas con sus cimas nevadas y sus faldas boscosas se alzan como dioses
Audios_WAV\Leiner\leiner_partes_004.wav,Leiner,guardi eh guardianes sobre estas tierras verdes de fertilidad mis propias tierras del sur son llanas creo que serían menos terribles si hubiera unas cuantas montañas para dar variedad al terreno aquí la gente se dedica principalmente al pastoreo aunque no es extraño encontrar leneadores y grajeros es una tierra a paz su
Audios_WAV\Leiner\leiner_partes_005.wav,Leiner,de luego parece extraño que un sitio tan adricula sea la cuna de las profecías y de la teología en la que se basa actualmente el mundo entero al parecer en la siguiente etapa de mi vida nos llevará a las tierras altas de térris si se que es un lugar frío e implacable una tierra donde las montañas mismas están hechas de hielo nuestros sirvientes no sirven para este viaje es probable que la tierra no sea tan fría como la tierra
Audios_WAV\Leiner\leiner_partes_006.wav,Leiner,que tengamos que contratar a algunos portadores de terris que lleven nuestras pertenencias ni siquiera comprendo lo que supone que tengo que hacer los filósofos de terris dicen que lo sabré cuando llegue el momento pero es un flaco consuelo la profundidad debe ser destruida y al parecer soy la única persona que puede hacerlo si no lo hago pronto de esa tierra solo quedaran más que huesos y polvo nunca quizá
Audios_WAV\Leiner\leiner_partes_007.wav,Leiner,esto cierto pero alguien tiene que detener la profundidad y al parecer térrez es el único sitio donde puede hacerse sin embargo sobre este hecho no tengo que aceptar las palabras de los filósofos ahora puedo sentir nuestro objetivo puedo sentirlo aunque los otros no pueden late en mi mente allá lejos en las montañas loache era un hombre alto naturalmente
Audios_WAV\Leiner\leiner_partes_008.wav,Leiner,la mayoría de terricianos lo son es joven para lo que los otros lo respeten tanto tiene carisma y las mujeres de la corte probablemente lo describirían como guapo que a su manera es un tanto hasta sin embargo me sorprende que alguien preste atención a un hombre que predica tanto odio nunca he visto a que
Audios_WAV\Leiner\leiner_partes_009.wav,Leiner,pero maldice la ciudad no me conoce pero no te lo odio y lo oscilian de sus ojos él defenderá sus costumbres y sin embargo las violará será su salvador y sin embargo lo llamaran hereje sus nombres será discordia y sin embargo lo amarán por ello en el fondo me preocupa que mi renuncia nos destruya a todos
Audios_WAV\Leiner\leiner_partes_010.wav,Leiner,me sorprende cuántas naciones se han unido en pos de nuestro propósito sigen habiendo disidentes naturalmente y algunos reinos por desgracia se han ensarzado en guerras que no han podido detener sin embargo contemplar la unidad general es glorioso casi abrumador ojalá a las naciones de la humanidad no les hubiera hecho falta una
Audios_WAV\Leiner\leiner_partes_011.wav,Leiner,amenaza tan terrible para valorar la paz y la cooperación parece que rajesh representa una facción creciente en la cultura de terris gran número de jóvenes piensan que sus inusitados poderes deberían ser usados para algo más que trabajar en el campo engendrar hijos y tallar piedras son rudos incluso violentos muy distintos a los tranquilos y los hermosos
Audios_WAV\Leiner\leiner_partes_012.wav,Leiner,de filósofos y hombres santos de teres que he conocido tendré que ser vigilados con cuidado estos terricianos podrían ser muy peligrosos si se les da la ocasión y el motivo cómo sería si todas las naciones desde las islas del sur hasta las montañas de teres al norte estuvieran unidas bajo un solo gobierno qué maravillas podrían conseguirse que
Audios_WAV\Leiner\leiner_partes_013.wav,Leiner,qué progreso podría lograrse si la maniara enunciara permanentemente a sus disputas y se uniera supongo que es demasiado esperar un único imperio unificado nunca sucederá sé que debería dejar que un simple portador me perturbe a veces me pregunto si me estoy volviendo loco tal vez sea debido a la presión de esa persona
Audios_WAV\Leiner\leiner_partes_014.wav,Leiner,saber que de algún modo debo soportar la carga de todo el mundo tal vez por las muertes que he visto los amigos que he perdido los amigos que he visto obligados a matar sea como sea a veces veo sombras siguiéndome oscuras criaturas que no comprendo ni deseo comprender serán acaso frutos de mi mente agotada no sé por qué me traicionó
Audios_WAV\Leiner\leiner_partes_015.wav,Leiner,incluso así este hecho acosa mis pensamientos fue el que me descubrió fue el filósofo de therys que me llamó primero héroe de las eras parece irónicamente realista que ahora después de una larga puna por convencer a sus colegas sea el único hombre santo de importancia que predica en contra de mi reino
Audios_WAV\Leiner\leiner_partes_016.wav,Leiner,muchos creen que mi viaje comenzó en clenion esa gran ciudad maravillosa olviden que no era rey cuando comencé mi misión nada de eso creo que los hombres harían bien recordar que esta tarea no le iniciaron emprendedores sacerdotes profetas ni generales no comenzó en clenion
Audios_WAV\Leiner\leiner_partes_017.wav,Leiner,en cordel no neóino ni las grandes naciones del este o del feroz imperio del oeste comenzó un pequeño pueblo sin importancia cuyo nombre no significa nada para vosotros comenzó con un joven hijo de herreros que no destacaban nada excepto quizás en su habilidad para meterse en líos comenzó conmigo a veces me pregunto que hubiera su
Audios_WAV\Leiner\leiner_partes_018.wav,Leiner,sucedido y si me hubiera quedado allí en aquella pereza aldea de mi nacimiento habría sido horrero como mi padre tal vez habría tenido familia hijos propios tal vez otra persona habría tenido que llevar esta terrible carga alguien que pueda soportarla mejor que yo alguien que merezca ser un hebre podríamos decir que en las circunstancias me obligaron a dejar atrás mi familia
Audios_WAV\Leiner\leiner_partes_019.wav,Leiner,sin duda si me hubiera quedado estaría muerto durante aquellos días huyéndose y saber por qué llevando la carga que no comprendía supuse que me perdería en la ciudad y buscaría una vida para no llamar la atención empiezo a comprender poco a poco por qué el anonimato como te dije no es un anonimato es un desastre
Audios_WAV\Leiner\leiner_partes_020.wav,Leiner,tantas otras cosas es algo que he perdido para siempre kan y yo nos conocimos por casualidad aunque supongo que él diría que fue la providencia he conocido a muchos otros filósofos desde aquel día son cada uno de ellos hombres de gran sabiduría y sorprendente sagacidad hombres de una importancia
Audios_WAV\Leiner\leiner_partes_021.wav,Leiner,casi palpable no es así kan en cierto modo es tan improbable que fuese profeta como yo héroe nunca tuvo aire de sabiduría semansemonial tampoco era un hérodito religioso la primera vez que nos vimos estaba investigando uno de sus ridículos intereses en la gran
Audios_WAV\Leiner\leiner_partes_022.wav,Leiner,y biblioteca creo que trataba de determinar si los árboles pueden pensar o no que fuera quien finalmente descubrió al héroe de las heras de las prohecias de tereis es un asunto que me habría dado risa si los hechos hubieran sucedido de una manera algo distinta no es una sombra esta cosa oscura me sigue la cosa que solo yo puedo
Audios_WAV\Leiner\leiner_partes_023.wav,Leiner,ver no es realmente una sombra es negrusca y transparente pero no tiene el contorno sólido de una sombra es insustancial retorcida e informe digamos que está hecho de una niebla negra o de bruma tal vez el héroe de las cedras no será un hombre sin una fuerza ninguna nación lo reclamará
Audios_WAV\Leiner\leiner_partes_024.wav,Leiner,ninguna mujer lo conservará ningún rey podrá matarlo no pertenecerá a nadie ni siquiera a sí mismo al principio estaban aquellos que no creerían que la profundidad fuera un peligro serio al menos no para ellos sin embargo trajo consigo una plaga que he visto infectar a casi toda la tierra los ejércitos son inútiles contra ellos
Audios_WAV\Leiner\leiner_partes_025.wav,Leiner,las grandes ciudades son arrasadas por su poder las que ustedes ellas se pierden y la tierra muere a eso combato este es el monstruo que debo derrotar me preocupa haber tardado demasiado ya he producido tanta destrucción que temo por la supervivencia de la humanidad es verdaderamente el fin del mundo como
Audios_WAV\Leiner\leiner_partes_026.wav,Leiner,apredicen tantos filósofos apenas duermo unas cuantas horas cada noche debemos continuar adelante viajando cuanto podamos cada día pero cuando finalmente me acuesto el sueño me alude los mismos pensamientos que me preocupan durante el día aumentan en la quietud de la noche por encima de todo oigo los golpeteos de las alturas los pulsos de la
Audios_WAV\Leiner\leiner_partes_027.wav,Leiner,la montaña atrayéndome en cada latido al final he de confiar en mí mismo he visto hombres capaces de arrancar de su interior la capacidad de reconocer la verdad y la bondad y creo que no soy uno de ellos sigo viendo las lágrimas en los ojos de los niños y siento el dolor de su sufrimiento si alguna vez pierdo esto entonces sabré que
Audios_WAV\Leiner\leiner_partes_028.wav,Leiner,he llegado a un punto más allá de ninguna esperanza de redención ningún hombre muere por mi mano o por mi orden a no ser que piense que no hay otro remedio sin embargo los mato a veces desearía no ser maldito realista me siento muy cansado creo que he descubierto por fin por qué me doy a tanto rato
Audios_WAV\Leiner\leiner_partes_029.wav,Leiner,no creo que un extraño como yo un farastero pueda ser el héroe de las eras creo que de algún modo he engañado a los filósofos que llevo injustamente la marca del héroe según rajesh un terriciano de pura sangre debería haber elegido como el héroe curiosamente me siento más decidido a causa de su odio debo demostrar que no es así
Audios_WAV\Leiner\leiner_partes_030.wav,Leiner,y que puedo realizar esa tarea a veces mis compañeros dicen que me preocupo y me cuestiona demasiado sin embargo aunque puedo dudar de mi estatua como héroe hay una cosa que nunca he puesto duda el final de nuestra misión la profundidad tiene que ser destruida la he visto la he sentido
Audios_WAV\Leiner\leiner_partes_031.wav,Leiner,este nombre que le damos es una palabra demasiado débil creo si la profundidad es insondable pero también es terrible muchos no se dan cuenta de que es setiente pero yo he sentido su mente tal como es las pocas veces que me he enfrentado a ella directamente es un ser de destrucción locura y corrupción
Audios_WAV\Leiner\leiner_partes_032.wav,Leiner,destruiría este mundo no por rencor sino simplemente porque es lo que hace todos los demás piensan que debería haber ordenado amputar a cam por traicionarme siendo sinceros probablemente lo mataría ahora mismo si supiera dónde se ha metido en ese momento sin embargo no pude hacerlo el hombre se había
Audios_WAV\Leiner\leiner_partes_033.wav,Leiner,convertido en un padre para mí hasta hoy no sé por qué de pronto he decidido que ya no era el héroe por qué se volvió contra mí denunciando mediante el conclave de los creadores del mundo al completo preferiría que ganara la profundidad sin duda aunque yo no sea el adecuado ahora que dice kan mi presencia en el post de la ascensión
Audios_WAV\Leiner\leiner_partes_034.wav,Leiner,no podría ser peor de lo que sucederá si la profundidad continuar destruyendo la tierra la mayoría de teresianos no son tan malos como rajesh sin embargo puedo ver que creen en él hasta cierto punto son hombres sencillos ni filósofos ni eruditos y no comprenden que sus propias profecías dicen que el héroe de las eras será un extranjero
Audios_WAV\Leiner\leiner_partes_035.wav,Leiner,lo que señala rahesh que son un pueblo superior y que deben dominar en vez de estar sometidos ante tanta pasión y odio incluso los hombres buenos pueden ser engañados a otros hombres les preocupa si serán recordados o no yo no siento sus temores incluso descartando las profecías de teno
Audios_WAV\Leiner\leiner_partes_036.wav,Leiner,he traído tal caos conflicto y esperanza a este mundo que hay pocas posibilidades de que sea olvidado me preocupa lo que dirán de mí los historiadores pueden hacer con el paso de lo que quieran dentro de mil años seré recordado como el hombre que protegió la humanidad de un poderoso mal o seré recordado como un tirano arrogante
Audios_WAV\Leiner\leiner_partes_037.wav,Leiner,que trató de convertirse en leyenda aunque muchos terricianos expresan cierto desprecio hacia la ciudad también sienten envidia he visto que los porteadores a hablar con asombro de las catedrales de sus sorprendentes vidrieras pintadas y sus amplios salones también parecen muy afusionados a nuestras modas de vestir en la ciudad de méxico los porteadores de la ciudad de méxico los porteadores de la ciudad de méxico los porteadores de la ciudad de méxico los porteadores de la ciudad de méxico
Audios_WAV\Leiner\leiner_partes_038.wav,Leiner,la vez vi como muchos jóvenes cambiando sus pieles por trajes de caballero hechos a media ahora ya estamos cerca extrañamente en estas alturas de las montañas parecemos finalmente libres de la presión y el contacto de la profundidad ha pasado algún tiempo desde que descubrí lo que era eso el lago que descubrió
Audios_WAV\Leiner\leiner_partes_039.wav,Leiner,fedik está bajo nosotros puedo verlo desde aquí para eso es más extraño desde esta perspectiva con su brillo brillo vetrio casi matálico casi deseo haber permitido tomar una muestra de sus aguas tal vez su interés era lo que enfadó a la criatura de la broma que nos sigue tal vez tal vez por eso decidió atacarlo
Audios_WAV\Leiner\leiner_partes_040.wav,Leiner,apuñalándolo con su cuchillo invisible curiosamente el ataque me consoló al menos se desde entonces que alguien más lo ha visto eso significa que no soy loco nunca quise ser temido y lamento una cosa y es el temor que he causado el miedo es la herramienta de los tiranos y por desgracia
Audios_WAV\Leiner\leiner_partes_041.wav,Leiner,cuando el destino del mundo está en juego usas las herramientas que tienes a mano sé lo que sucediera si tomo la decisión equivocada debo ser fuerte no he de quedarme de poder para mí porque he visto lo que sucederá si lo hago he decidido que tengo que dar gracias al odio de rajesh me hace bien recordar que hay quienes me aborrecien no es mi idea de hacer nada
Audios_WAV\Leiner\leiner_partes_042.wav,Leiner,buscar la popularidad ni el amor sino asegurar la supervivencia de la humanidad hay algo más hermoso que el sol a menudo lo contemplo al salir pues mi sueño inquieto suele despertarme antes del alba cada vez que lo veo me tranquiliza la luz amarilla a asomar por el horizonte siento un poco más de determinación
Audios_WAV\Leiner\leiner_partes_043.wav,Leiner,poco más de esperanza en cierto modo ese es lo que me ha mantenido en marcha todo el tiempo estos son mis temores mientras escribo con la pluma cubierta descarcha la vizpa del renacer del mundo rogelts observa me odia las cabrillas están ahí adelante latiendo mis dedos tiemblan nueve frío mañana terminará extrañamente en ocasiones
Audios_WAV\Leiner\leiner_partes_044.wav,Leiner,siento paz interior se podría pensar que después de todo lo que he sufrido mi alma sería un arrojijo de tensiones confusión y melancolía a menudo así es pero luego está en paz lo siento a veces como ahora asomado sobre el acantilado congelado y las montañas de cristal en la inquietud de la mañana contemplando
Audios_WAV\Leiner\leiner_partes_045.wav,Leiner,amanecer majestuoso que sé que en ningún otro será jamás o igual
